INSERT INTO public.news (id, title, date, url, body, author)
VALUES
    (1, 'Заголовок новости 1', '2023-10-26', '/api/image/2', 'Текст новости 1', 'Автор 1'),
    (2, 'Заголовок новости 2', '2023-10-25', '/api/image/3', 'Текст новости 2', 'Автор 2'),
    (3, 'Заголовок новости 3', '2023-10-24', '/api/image/4', 'Текст новости 3', 'Автор 3'),
    (4, 'Заголовок новости 4', '2023-10-23', '/api/image/1', 'Текст новости 4', 'Автор 4'),
    (5, 'Заголовок новости 5', '2023-10-22', '/api/image/5', 'Текст новости 5', 'Автор 5'),
    (6, 'Заголовок новости 6', '2023-10-21', '/api/image/6', 'Текст новости 6', 'Автор 6'),
    (7, 'Заголовок новости 7', '2023-10-20', '/api/image/7', 'Текст новости 7', 'Автор 7'),
    (8, 'Заголовок новости 8', '2023-10-19', '/api/image/8', 'Текст новости 8', 'Автор 8'),
    (9, 'Заголовок новости 9', '2023-10-18', '/api/image/9', 'Текст новости 9', 'Автор 9'),
    (10, 'Заголовок новости 10', '2023-10-17', '/api/image/10', 'Текст новости 10', 'Автор 10'),
    (11, 'Заголовок новости 11', '2023-10-16', '/api/image/1', 'Текст новости 11', 'Автор 11'),
    (12, 'Заголовок новости 12', '2023-10-15', '/api/image/2', 'Текст новости 12', 'Автор 12'),
    (13, 'Заголовок новости 13', '2023-10-14', '/api/image/3', 'Текст новости 13', 'Автор 13'),
    (14, 'Заголовок новости 14', '2023-10-13', '/api/image/4', 'Текст новости 14', 'Автор 14'),
    (15, 'Заголовок новости 15', '2023-10-12', '/api/image/5', 'Текст новости 15', 'Автор 15'),
    (16, 'Заголовок новости 16', '2023-10-11', '/api/image/6', 'Текст новости 16', 'Автор 16'),
    (17, 'Заголовок новости 17', '2023-10-10', '/api/image/7', 'Текст новости 17', 'Автор 17'),
    (18, 'Заголовок новости 18', '2023-10-09', '/api/image/8', 'Текст новости 18', 'Автор 18'),
    (19, 'Заголовок новости 19', '2023-10-08', '/api/image/9', 'Текст новости 19', 'Автор 19'),
    (20, 'Заголовок новости 20', '2023-10-07', '/api/image/10', 'Текст новости 20', 'Автор 20')
ON CONFLICT (id) DO NOTHING;

INSERT INTO public.coordinates (coordinate_id, x, y, "name", description) VALUES
(1, 55.7515, 37.5738, 'Футбольное поле', 'Поле с искусственным покрытием, в парке, в 7 микрорайоне, имеется кольцо'),
(2, 55.7550, 37.5800, 'Баскетбольная площадка', 'Открытая площадка с резиновым покрытием, рядом с парком'),
(3, 55.7600, 37.5700, 'Теннисный корт', 'Крытый теннисный корт с профессиональным покрытием'),
(4, 55.7500, 37.5750, 'Волейбольная площадка', 'Песчаная площадка для пляжного волейбола'),
(5, 55.7530, 37.5780, 'Спортивный зал', 'Зал для занятий фитнесом и единоборствами'),
(6, 55.7570, 37.5820, 'Беговая дорожка', 'Асфальтированная дорожка для бега, длина 1 км'),
(7, 55.7590, 37.5850, 'Скейт-парк', 'Площадка для экстремальных видов спорта'),
(8, 55.7610, 37.5900, 'Хоккейная коробка', 'Открытая ледовая площадка для хоккея'),
(9, 55.7630, 37.5950, 'Тренажерный зал под открытым небом', 'Уличные тренажеры для занятий спортом'),
(10, 55.7650, 37.6000, 'Площадка для йоги', 'Тихая зеленая зона для занятий йогой')
ON CONFLICT (coordinate_id) DO NOTHING;

INSERT INTO public.users (user_id, email, password, name, last_name, role, activated) VALUES
(251652, 'admin@example.com', 'admin', 'Admin', 'User', 'ADMIN', false),
(251653, 'volunteer1@example.com', 'password', 'Volunteer1', 'User', 'VOLUNTEER', false),
(251654, 'user1@example.com', 'password', 'User1', 'User', 'USER', false),
(251655, 'user2@example.com', 'password', 'User2', 'User', 'USER', false),
(251656, 'user3@example.com', 'password', 'User3', 'User', 'USER', false),
(251657, 'volunteer2@example.com', 'password', 'Volunteer2', 'User', 'VOLUNTEER', false),
(251658, 'user4@example.com', 'password', 'User4', 'User', 'USER', false),
(251659, 'user5@example.com', 'password', 'User5', 'User', 'USER', false),
(251660, 'volunteer3@example.com', 'password', 'Volunteer3', 'User', 'VOLUNTEER', false),
(251661, 'user6@example.com', 'password', 'User6', 'User', 'USER', false)
ON CONFLICT (user_id) DO NOTHING;


INSERT INTO public.events (event_id, title, description, type, date, time, referee_volunteer_id, max_count_in_one_team, coordinates_id) VALUES
(1, 'Chess Tournament', 'Annual chess competition', 'footboll', '2025-03-15', '10:00', 251653, 4, 3),
(2, 'Football Match', 'Friendly football game', 'volleyboll', '2025-04-01', '14:00', 251653, 11, 5),
(3, 'Marathon Race', 'City marathon event', 'ping pong', '2025-05-20', '08:00', 251653, 1, 1)
ON CONFLICT (event_id) DO NOTHING;

--INSERT INTO public.teams (team_id, event_id, user_id, team_num) VALUES
--(1, 1, 251654, 1),  -- event_id=1, user_id=3, team_num=1
--(2, 1, 251655, 1),  -- event_id=1, user_id=4, team_num=1
--(3, 1, 251656, 2),  -- event_id=1, user_id=5, team_num=2
--(4, 2, 251659, 2),  -- event_id=2, user_id=3, team_num=1
--(5, 2, 251661, 1)   -- event_id=2, user_id=4, team_num=1
--ON CONFLICT DO NOTHING;

INSERT INTO public.type_of_event (type_id, type, coordinate_id) VALUES
(1, 'Футбол', 1),  -- Футбольное поле
(2, 'Баскетбол', 2),  -- Баскетбольная площадка
(3, 'Теннис', 3),  -- Теннисный корт
(4, 'Волейбол', 4),  -- Волейбольная площадка
(5, 'Фитнес', 5),  -- Спортивный зал
(6, 'Бег', 6),  -- Беговая дорожка
(7, 'Скейтбординг', 7),  -- Скейт-парк
(8, 'Хоккей', 8),  -- Хоккейная коробка
(9, 'Уличные тренировки', 9),  -- Тренажерный зал под открытым небом
(10, 'Йога', 10)  -- Площадка для йоги
ON CONFLICT (type_id) DO NOTHING;
